SrNo, Timestamp, X_Acc, Y_Acc, Z_Acc, X_Gyro, Y_Gyro, Z_Gyro 
1, 1737995751137, -3.204, 2.82495, 8.63505, 10.54887, 1.51261, 4.56146
2, 1737995751153, -2.517, 2.865, 7.78005, 1.16597, -13.25896, 4.9081
3, 1737995751168, -2.09295, 3.15, 8.30505, -2.19013, -26.48641, -0.20483
4, 1737995751187, -2.151, 2.961, 8.82195, -0.58298, -34.32518, -3.84455
5, 1737995751206, -2.09295, 2.817, 8.94105, 1.44958, -38.52425, -8.18542
6, 1737995751218, -2.09295, 2.817, 8.94105, 0.53572, -36.28685, -10.84036
7, 1737995751237, -1.83, 2.784, 9.13095, -0.72479, -31.87508, -15.59878
8, 1737995751251, -1.97595, 2.712, 9.22605, -1.97742, -27.95962, -17.70225
9, 1737995751269, -2.15805, 2.49705, 9.138, -4.42753, -22.70488, -17.56044
10, 1737995751285, -2.199, 2.628, 9.02295, -8.7684, -18.01737, -16.37084
11, 1737995751301, -1.98795, 2.77695, 9.435, -10.09981, -17.59983, -17.48954
12, 1737995751319, -1.863, 2.829, 9.85395, -7.44487, -16.19752, -19.93965
13, 1737995751337, -1.863, 2.829, 9.85395, -2.82038, -15.28365, -21.48377
14, 1737995751351, -1.827, 2.868, 9.87795, 3.75789, -12.06936, -22.11402
15, 1737995751366, -1.64805, 2.85105, 9.56205, 7.75212, -11.01368, -23.72117
16, 1737995751384, -1.41795, 2.86095, 9.38205, 11.32093, -10.87975, -27.14817
17, 1737995751401, -1.27695, 2.925, 9.15, 14.33039, -13.6765, -33.80523
18, 1737995751419, -1.35795, 2.92005, 9.042, 15.23638, -20.46749, -38.83937
19, 1737995751434, -1.34895, 2.916, 8.91495, 13.62923, -18.50582, -42.96754
20, 1737995751450, -1.34895, 2.916, 8.91495, 6.76735, -15.77997, -45.63036
21, 1737995751467, -1.29795, 2.76, 8.415, -3.45064, -18.15918, -47.10358
22, 1737995751485, -1.43205, 2.48205, 8.38095, -11.08459, -16.68596, -45.63036
23, 1737995751500, -1.452, 2.26005, 8.343, -19.62452, -22.28734, -43.10934
24, 1737995751517, -1.413, 2.24295, 8.484, -24.38293, -25.09197, -41.5022
25, 1737995751534, -1.21005, 2.20905, 8.50095, -29.41709, -33.00166, -42.40819
26, 1737995751550, -1.476, 2.346, 8.973, -33.41132, -34.19126, -44.9292
27, 1737995751566, -1.78395, 2.238, 10.002, -31.23694, -40.48591, -46.47332
28, 1737995751583, -1.78395, 2.238, 10.002, -22.83881, -41.95913, -43.8814
29, 1737995751600, -1.79895, 1.848, 10.39695, -12.27419, -40.13927, -38.98118
30, 1737995751616, -1.521, 1.52205, 10.51005, 1.03204, -38.39032, -33.238
31, 1737995751633, -1.36995, 1.40505, 10.44705, 8.5872, -35.45176, -30.72486
32, 1737995751650, -1.47105, 1.51695, 10.26795, 13.84194, -33.4192, -28.13294
33, 1737995751666, -1.92105, 1.75695, 9.91095, 14.18858, -29.98432, -25.26529
34, 1737995751683, -2.01705, 1.83795, 9.30795, 9.35927, -27.95962, -17.1429
35, 1737995751699, -2.01705, 1.83795, 9.30795, 1.72532, -27.32937, -11.26578
36, 1737995751715, -1.76805, 1.83105, 8.78295, -13.18018, -28.73169, -4.75054
37, 1737995751733, -1.44405, 1.75695, 8.73105, -24.51686, -29.07833, -0.62238
38, 1737995751749, -1.19295, 1.668, 8.92695, -36.49168, -28.23536, 3.7894
39, 1737995751764, -0.807, 1.50105, 9.234, -41.95126, -28.37717, 5.25474
40, 1737995751783, -0.31905, 1.36905, 9.717, -43.28266, -28.37717, 3.99423
41, 1737995751798, 0.09405, 1.326, 10.107, -40.2023, -27.04576, 1.54412
42, 1737995751815, 0.16395, 1.311, 10.39995, -34.25428, -24.80836, -1.81198
43, 1737995751832, 0.16395, 1.311, 10.39995, -23.61087, -21.65709, -6.29466
44, 1737995751848, -0.00795, 1.28505, 10.44495, -15.07094, -21.58618, -7.27155
45, 1737995751865, -0.321, 1.27995, 10.32795, -5.3414, -22.01161, -4.5457
46, 1737995751882, -0.264, 1.21095, 10.02405, -1.28414, -21.38135, -1.67017
47, 1737995751898, 0.09405, 1.20795, 9.70005, -1.41807, -23.0594, -0.90599
48, 1737995751916, 0.22605, 1.23195, 9.76695, -3.86818, -22.91759, -1.95379
49, 1737995751931, 0.35295, 1.25595, 9.993, -6.74371, -20.12085, -3.21429
50, 1737995751948, 0.35295, 1.25595, 9.993, -6.74371, -17.38712, -3.97848
51, 1737995751965, 0.255, 1.33305, 10.38495, -3.1749, -10.66704, -2.85978
52, 1737995751981, 0.204, 1.28295, 10.32105, 0.11817, -8.28783, -1.74108
53, 1737995751998, 0.41505, 1.27605, 10.06695, 3.68698, -8.35874, -1.74108
54, 1737995752015, 0.58695, 1.44795, 10.08105, 6.56252, -15.29153, -2.15862
55, 1737995752029, 0.56295, 1.66095, 10.251, 12.51053, -23.20121, -0.96901
56, 1737995752048, 0.98205, 1.72605, 10.24605, 16.35508, -23.61875, -0.55147
57, 1737995752062, 0.98205, 1.72605, 10.24605, 18.38765, -19.69543, -1.95379
58, 1737995752078, 1.21905, 1.69905, 10.32495, 21.19228, -13.18806, -3.07249
59, 1737995752096, 0.95805, 1.65105, 10.18905, 24.76109, -9.26473, -1.25263
60, 1737995752113, 0.657, 1.704, 9.98295, 30.6382, -4.71902, 4.56146
61, 1737995752129, 1.332, 1.73295, 9.58605, 33.08831, -7.38184, 4.41965
62, 1737995752146, 2.34195, 2.02995, 9.56205, 32.59986, -16.05571, -5.17596
63, 1737995752163, 2.46705, 2.39805, 9.46305, 29.16498, -13.6765, -14.96852
64, 1737995752183, 2.08605, 2.42205, 9.35295, 23.07516, -12.77051, -26.51792
65, 1737995752195, 2.08605, 2.42205, 9.35295, 19.36454, -15.00791, -30.0237
66, 1737995752211, 1.79595, 2.406, 9.40395, 14.67703, -17.38712, -28.13294
67, 1737995752230, 1.58595, 2.27205, 9.528, 11.32093, -16.05571, -23.23272
68, 1737995752245, 1.68195, 2.18805, 9.66, 8.5163, -17.87557, -18.82095
69, 1737995752262, 1.77, 2.20905, 9.753, 6.83825, -18.23008, -16.0242
70, 1737995752279, 1.689, 2.19495, 9.648, 7.25579, -17.80466, -16.72535
71, 1737995752294, 1.32495, 2.133, 9.40395, 7.61031, -13.88921, -17.63134
72, 1737995752313, 1.32495, 2.133, 9.40395, 6.13709, -12.90444, -14.62188
73, 1737995752328, 1.11705, 1.84305, 9.19995, 3.41125, -19.90813, -7.41336
74, 1737995752347, 1.107, 1.80495, 9.44205, 2.91492, -26.62821, -3.00158
75, 1737995752363, 1.25505, 2.05605, 9.97095, 7.88605, -35.51479, -1.81198
76, 1737995752379, 1.03695, 2.30295, 10.32795, 15.93754, -43.63718, -3.14339
77, 1737995752396, 0.97995, 2.23305, 10.179, 26.36823, -49.09675, -6.01104
78, 1737995752412, 0.693, 2.082, 9.98295, 31.6151, -47.69444, -7.61819
79, 1737995752427, 0.05595, 1.98405, 9.91395, 35.60933, -41.60461, -3.70274
80, 1737995752446, 0.05595, 1.98405, 9.91395, 38.05944, -41.81733, 4.979
81, 1737995752462, -0.67095, 1.78095, 9.85395, 43.44811, -54.20969, 23.10667
82, 1737995752478, -1.29795, 1.527, 9.86295, 47.08782, -58.8972, 41.51795
83, 1737995752496, -1.48305, 1.37595, 9.93705, 48.06471, -50.01062, 62.16663
84, 1737995752511, -1.68105, 1.074, 10.15995, 45.82731, -19.27788, 92.05641
85, 1737995752528, -2.26605, 0.98595, 9.966, 41.34464, 13.20381, 116.69144
86, 1737995752545, -2.21505, 1.63905, 8.20605, 23.57148, 26.64397, 139.30179
87, 1737995752561, -2.21505, 1.63905, 8.20605, 4.24633, 19.08093, 144.27292
88, 1737995752576, -2.60805, 2.25495, 8.02395, -13.95224, 19.08093, 162.4715
89, 1737995752595, -1.839, 1.28505, 7.90995, -24.38293, 12.9911, 175.70682
90, 1737995752611, -1.58805, 0.14505, 8.95605, -32.22171, 22.01949, 194.0472
91, 1737995752627, -1.662, -0.23895, 9.54, -35.57781, 35.80628, 209.58295
92, 1737995752644, -1.047, 0.291, 9.612, -37.75219, 44.55893, 223.30672
93, 1737995752661, -0.52995, 0.55005, 9.993, -36.76742, 47.29265, 228.20694
94, 1737995752677, 0.37395, 0.57405, 10.14795, -28.72381, 44.62983, 230.79097
95, 1737995752693, 0.37395, 0.57405, 10.14795, -19.41181, 42.95178, 229.60136
96, 1737995752711, 0.88905, 0.94005, 10.17, -14.92913, 59.96075, 226.17438
97, 1737995752725, 1.62195, 1.242, 10.026, -19.27, 80.26279, 218.12288
98, 1737995752743, 2.04795, 1.09605, 10.005, -25.28892, 98.24865, 207.34554
99, 1737995752759, 1.92105, 0.969, 10.07595, -28.92864, 99.29645, 192.43216
100, 1737995752776, 1.88295, 0.9, 10.929, -21.08986, 79.56164, 183.19109
101, 1737995752792, 1.82505, 1.15305, 11.70195, 2.98583, 50.86147, 171.78349
102, 1737995752810, 1.82505, 1.15305, 11.70195, 17.8992, 45.04737, 163.73199
103, 1737995752825, 1.722, 1.07205, 11.463, 22.58671, 58.55844, 154.56181
104, 1737995752844, 2.40495, 0.828, 11.76405, 24.89502, 71.51015, 143.50085
105, 1737995752858, 2.4, 1.00005, 12.31005, 35.88506, 81.09788, 126.14525
106, 1737995752875, 1.75605, 1.33095, 11.66895, 42.81785, 83.8316, 117.88893
107, 1737995752892, 1.272, 1.278, 10.99305, 47.57627, 76.8279, 105.28386
108, 1737995752909, 0.62295, 1.16505, 11.19405, 48.97858, 71.9986, 99.05223
109, 1737995752925, 0.36495, 0.828, 11.57505, 51.91714, 77.38726, 92.68666
110, 1737995752943, 0.36495, 0.828, 11.57505, 52.96494, 86.62836, 89.67721
111, 1737995752960, -0.135, 0.85695, 11.45295, 54.9975, 93.76598, 87.99915
112, 1737995752975, -0.405, 1.134, 11.568, 60.38617, 101.32902, 83.93402
113, 1737995752992, -0.51105, 1.63005, 11.29695, 65.28639, 107.0013, 75.53589
114, 1737995753010, -0.444, 1.95795, 10.94295, 68.09103, 104.19667, 64.1283
115, 1737995753025, -0.76905, 1.99605, 11.39295, 72.92033, 100.84057, 52.64981
116, 1737995753044, -0.70695, 1.695, 11.38395, 86.07688, 90.62259, 38.92604
117, 1737995753062, 0.00105, 2.19, 11.14695, 106.65466, 50.37302, 25.76949
118, 1737995753074, 0.00105, 2.19, 11.14695, 121.56804, 36.86196, 1.41019
119, 1737995753091, 1.41795, 3.46605, 10.73205, 124.71931, 40.91921, -35.34147
120, 1737995753108, 1.21695, 3.34695, 10.01595, 123.03337, 37.06679, -75.93768
121, 1737995753124, 0.951, 2.607, 10.701, 128.21721, 34.68758, -100.36788
122, 1737995753142, 0.456, 1.632, 10.16295, 136.47353, 31.96173, -122.41888
123, 1737995753158, -0.09405, 1.09395, 8.05605, 133.33014, 35.0421, -128.36688
124, 1737995753175, -0.09405, 1.09395, 8.05605, 112.67358, 41.83308, -128.65051
125, 1737995753191, -0.609, 0.87105, 5.31705, 67.7365, 53.65821, -121.02444
126, 1737995753208, -2.46705, 0.97605, 4.07895, 34.20701, 33.36405, -93.01755
127, 1737995753224, -2.13405, 2.33595, 5.46705, 28.259, 2.63131, -79.01804
128, 1737995753242, -0.156, 3.67695, 6.40395, 28.259, -40.84044, -89.2439
129, 1737995753258, 0.528, 3.936, 7.158, 23.98903, -62.67872, -107.51338
130, 1737995753273, 0.80295, 3.066, 6.80295, 16.00844, -80.10523, -123.60849
131, 1737995753291, 0.25905, 2.394, 6.73605, -1.35505, -104.81905, -138.23825
132, 1737995753307, 0.25905, 2.394, 6.73605, -17.30834, -108.6636, -142.57912
133, 1737995753323, -0.40005, 2.169, 7.34895, -39.64295, -95.08951, -141.1768
134, 1737995753341, -0.099, 1.42395, 8.25, -51.46808, -74.44083, -142.23247
135, 1737995753357, -0.123, 0.672, 9.35595, -53.9891, -62.53691, -145.24194
136, 1737995753373, -0.65895, -0.14595, 10.06695, -43.21176, -75.70133, -143.35118
137, 1737995753389, -1.70295, -0.555, 9.79905, -30.40186, -101.59688, -132.07751
138, 1737995753407, -1.25805, 0.117, 10.25805, -26.54943, -111.32642, -117.51865
139, 1737995753423, -1.25805, 0.117, 10.25805, -23.95751, -106.42619, -108.00182
140, 1737995753441, 0.33405, 1.10295, 10.70595, -16.89079, -99.56431, -109.12053
141, 1737995753456, 0.729, 0.85695, 10.33305, -12.27419, -97.1142, -109.26234
142, 1737995753473, 0.669, 0.60495, 10.419, -7.30306, -88.15672, -105.1972
143, 1737995753489, 0.94395, 1.608, 9.50205, -10.65916, -85.35997, -104.99237
144, 1737995753508, 1.54695, 1.194, 10.96695, -13.5347, -70.6593, -112.47662
145, 1737995753522, 1.296, 0.90705, 11.52705, -8.7684, -60.78796, -115.6988
146, 1737995753540, 0.72105, 0.58395, 11.451, 0.46481, -52.03531, -116.05331
147, 1737995753556, 0.72105, 0.58395, 11.451, 4.38814, -47.2769, -114.65101
148, 1737995753574, 0.37905, 0.624, 10.87605, 4.87659, -45.38614, -112.54753
149, 1737995753590, 0.67605, 0.69405, 10.81095, 3.75789, -42.16396, -113.3196
150, 1737995753605, 1.70595, 0.888, 10.88805, 7.68122, -37.12981, -119.96877
151, 1737995753623, 0.07695, 0.351, 11.58, 14.67703, -37.61826, -122.48978
152, 1737995753641, -0.87, 0.02805, 10.90005, 22.02736, -40.97436, -114.29649
153, 1737995753656, -1.39395, 0.189, 10.55805, 25.73798, -48.3956, -102.74709
154, 1737995753672, -0.606, 0.696, 10.62705, 32.04052, -60.0868, -92.81271
155, 1737995753690, -0.606, 0.696, 10.62705, 36.38139, -65.61727, -90.85105
156, 1737995753706, 0.05295, 1.077, 10.12395, 37.64189, -68.48492, -91.96976
157, 1737995753721, 0.21405, 1.52505, 9.882, 35.25481, -68.62673, -94.77438
158, 1737995753740, -0.16095, 1.548, 9.66495, 30.35459, -65.27063, -94.83741
159, 1737995753754, -0.618, 1.56795, 9.54, 24.26476, -61.06369, -92.3873
160, 1737995753772, -0.11595, 1.611, 9.85605, 19.71906, -63.23806, -92.3873
161, 1737995753790, -1.23105, 1.33305, 9.411, 19.86086, -68.20919, -82.24021
162, 1737995753806, -1.23105, 1.33305, 9.411, 22.51581, -77.93874, -75.03169
163, 1737995753822, -0.80295, 1.81905, 10.323, 33.30103, -89.97658, -71.46288
164, 1737995753840, -0.132, 2.343, 10.47405, 38.33517, -92.14307, -72.16404
165, 1737995753854, -0.23295, 2.58495, 9.696, 32.11142, -83.3274, -70.76173
166, 1737995753873, -0.79095, 2.60205, 9.495, 23.01213, -71.07685, -65.64879
167, 1737995753888, -1.071, 2.58, 9.744, 15.5909, -54.83994, -55.08416
168, 1737995753905, -0.45795, 3.02805, 9.87795, 15.03155, -50.7748, -48.22227
169, 1737995753921, -0.45795, 3.02805, 9.87795, 19.71906, -57.56578, -47.37931
170, 1737995753939, 0.10395, 3.51705, 10.48605, 28.11719, -66.03481, -47.80473
171, 1737995753955, -0.25905, 3.495, 10.33305, 30.5673, -68.83945, -41.91974
172, 1737995753971, -0.49905, 3.59595, 9.90195, 29.23589, -69.18609, -34.56941
173, 1737995753989, -0.30195, 3.65805, 10.11495, 29.16498, -75.83527, -27.08515
174, 1737995754003, 0.60405, 3.801, 11.36205, 40.22593, -90.04748, -20.36507
175, 1737995754022, 1.887, 4.41405, 11.14395, 49.60884, -92.28488, -22.11402
176, 1737995754037, 1.926, 4.53705, 10.107, 47.50536, -85.7066, -27.08515
177, 1737995754059, 1.926, 4.53705, 10.107, 36.23958, -71.43136, -27.84933
178, 1737995754069, 1.63605, 4.30395, 9.729, 23.57148, -52.17712, -24.63504
179, 1737995754086, 1.44195, 3.99795, 10.29705, 16.85141, -30.26793, -18.3325
180, 1737995754103, 1.31805, 3.672, 10.66305, 20.62505, -18.50582, -12.94383
181, 1737995754121, 1.51605, 3.612, 10.42095, 31.686, -16.61506, -8.74477
182, 1737995754138, 1.437, 3.52605, 10.311, 44.00745, -22.70488, -6.6413
183, 1737995754153, 1.227, 3.24405, 9.91095, 62.76537, -36.08202, -0.48057
184, 1737995754170, 1.227, 3.24405, 9.91095, 76.13463, -45.45704, 6.65705
185, 1737995754188, 1.488, 3.25995, 9.348, 90.00021, -54.69813, 15.89815
186, 1737995754203, 2.172, 3.339, 8.64, 97.20873, -67.57893, 21.63346
187, 1737995754219, 2.85705, 3.84, 8.39595, 107.71033, -97.46871, 25.34407
188, 1737995754237, 4.05, 4.25895, 8.24205, 116.88052, -125.74347, 21.77526
189, 1737995754253, 4.413, 4.125, 7.62495, 124.6484, -159.41476, 13.03049
190, 1737995754269, 4.70295, 4.26105, 7.08795, 127.51605, -177.89694, 8.82355
191, 1737995754289, 4.392, 4.362, 6.456, 124.08904, -211.77307, 0.14969
192, 1737995754304, 4.392, 4.362, 6.456, 123.24609, -232.56357, 0.00788
193, 1737995754318, 4.58295, 4.01895, 5.97705, 119.18882, -236.48689, 6.0268
194, 1737995754335, 5.10795, 4.8, 4.50195, 105.32325, -236.69174, 14.56674
195, 1737995754352, 5.73705, 5.23605, 3.77895, 97.20873, -240.12662, 14.00739
196, 1737995754369, 5.78505, 4.848, 3.705, 90.9771, -240.82777, 18.13555
197, 1737995754385, 6.654, 4.881, 3.56595, 84.11521, -227.73424, 20.86927
198, 1737995754404, 7.536, 5.32395, 3.79905, 93.2145, -218.91858, 11.06883
199, 1737995754421, 7.536, 5.32395, 3.79905, 108.40361, -214.71951, -0.90599
200, 1737995754436, 7.11405, 5.51805, 2.91, 118.70039, -218.14651, -13.57409
201, 1737995754452, 7.23405, 5.22795, 1.42305, 119.04703, -229.97165, -23.09091
202, 1737995754468, 6.726, 5.23305, 0.81, 125.06594, -244.04205, -33.73432
203, 1737995754489, 6.68595, 5.59995, 0.03195, 134.23615, -256.64716, -45.28372
204, 1737995754501, 5.92905, 4.90305, -0.94395, 136.05598, -264.34412, -48.00957
205, 1737995754519, 6.06795, 5.13705, -1.284, 138.85275, -267.84201, -54.65874
206, 1737995754537, 6.06795, 5.13705, -1.284, 142.91788, -269.87457, -71.66771
207, 1737995754551, 5.67, 5.17305, -1.34805, 157.82338, -274.633, -92.74181
208, 1737995754568, 3.30195, 5.00295, -2.10195, 183.7977, -276.52377, -94.20715
209, 1737995754585, 2.31795, 4.77405, -3.228, 200.45215, -267.42447, -93.08845
210, 1737995754601, 2.10795, 4.23705, -4.36305, 213.33295, -267.06995, -90.63834
211, 1737995754619, 1.275, 3.75405, -4.377, 237.62135, -266.30576, -90.99286
212, 1737995754635, -0.45795, 2.62605, -4.944, 262.82364, -269.87457, -96.02701
213, 1737995754651, -2.41905, 1.48905, -6.699, 294.32053, -292.55582, -100.09215
214, 1737995754669, -2.41905, 1.48905, -6.699, 309.16302, -296.47128, -101.69929
215, 1737995754685, -4.69095, 0.576, -7.84095, 318.61682, -275.19235, -87.21134
216, 1737995754702, -4.61205, -0.55305, -8.703, 316.16669, -242.57671, -69.15457
217, 1737995754718, -4.38495, -1.13205, -9.21105, 303.70343, -194.97682, -48.36409
218, 1737995754735, -4.176, -2.06805, -9.92505, 268.42499, -130.50188, -25.05258
219, 1737995754751, -2.91705, -2.22405, -10.57305, 231.3976, -109.08901, -29.53526
220, 1737995754767, -4.04895, -3.35595, -8.90505, 185.47575, -118.53494, -57.10885
221, 1737995754784, -5.06205, -5.13105, -5.17395, 167.48201, -123.57697, -69.98966
222, 1737995754800, -5.06205, -5.13105, -5.17395, 176.23466, -108.59269, -71.46288
223, 1737995754817, -4.839, -6.17505, -2.68395, 200.17641, -85.14725, -69.2885
224, 1737995754833, -3.91995, -6.62205, -2.10495, 231.81514, -45.0395, -70.76173
225, 1737995754852, -2.84505, -8.66205, -1.08, 253.23587, -11.92755, -72.02222
226, 1737995754867, -0.64905, -10.75995, -0.07005, 285.71759, 33.08043, -72.65248
227, 1737995754883, 0.738, -12.19095, -1.176, 311.40039, 76.55217, -73.62937
228, 1737995754900, 0.02205, -11.145, -8.19795, 325.54175, 94.2623, -64.04164
229, 1737995754916, 0.02205, -11.145, -8.19795, 308.39096, 96.22396, -49.82942
230, 1737995754933, 1.12605, -10.62795, -8.28195, 267.65292, 112.94932, -31.0715
231, 1737995754951, 3.80295, -10.66605, -5.88495, 241.40288, 128.91049, -30.15763
232, 1737995754966, 5.32605, -11.454, -3.70695, 221.87289, 141.79131, -41.36039
233, 1737995754983, 5.256, -12.68205, -1.22595, 221.17172, 159.77716, -46.26061
234, 1737995754999, 5.61105, -13.30005, -1.08705, 232.51631, 179.59076, -48.22227
235, 1737995755019, 5.90505, -12.68895, -3.273, 256.24533, 192.32976, -46.54422
236, 1737995755033, 5.90505, -12.68895, -3.273, 267.93655, 196.04037, -43.7396
237, 1737995755050, 5.36205, -11.59995, -5.68695, 256.38715, 212.90753, -32.1902
238, 1737995755072, 5.64405, -11.83695, -6.546, 213.47476, 226.62343, -11.19488
239, 1737995755087, 6.204, -12.78, -5.96205, 168.04924, 237.82617, 5.53835
240, 1737995755098, 7.77705, -12.39195, -4.59495, 120.93779, 241.32408, 14.07829
241, 1737995755115, 9.81705, -11.28405, -2.87295, 78.1672, 219.84032, 2.80463
242, 1737995755133, 10.41795, -9.84705, -2.10495, 68.09103, 190.64383, -10.28101
243, 1737995755149, 10.176, -9.52695, -1.51605, 69.06791, 176.51039, -20.43597
244, 1737995755166, 10.176, -9.52695, -1.51605, 67.03534, 176.15588, -35.34147
245, 1737995755181, 9.10095, -10.56105, -1.27605, 60.24437, 163.77139, -47.87564
246, 1737995755200, 8.16495, -11.09205, -0.76395, 59.61411, 152.84438, -57.46337
247, 1737995755216, 7.07295, -10.956, -0.438, 64.3804, 149.97672, -62.56842
248, 1737995755232, 6.01995, -11.19495, -0.762, 72.92033, 147.17996, -59.07051
249, 1737995755248, 5.163, -11.394, -1.26, 75.01593, 143.46936, -52.90979
250, 1737995755266, 4.95495, -11.41305, -2.373, 69.83997, 133.6689, -50.8851
251, 1737995755283, 4.95495, -11.41305, -2.373, 57.44761, 122.60796, -53.39824
252, 1737995755298, 4.77495, -10.92705, -2.94, 38.54788, 131.70723, -61.37882
253, 1737995755316, 4.533, -10.70205, -3.05505, 24.69018, 158.72935, -66.07421
254, 1737995755332, 3.43905, -11.35095, -4.269, -5.3414, 192.81821, -64.32526
255, 1737995755347, 2.02905, -11.502, -4.779, -34.25428, 215.9879, -64.7428
256, 1737995755366, 1.176, -11.418, -4.75305, -57.14037, 218.64284, -60.18922
257, 1737995755383, 0.31695, -11.72205, -3.3, -50.83783, 227.32458, -54.80055
258, 1737995755398, -0.07695, -12.23205, -3.786, -38.58727, 226.41859, -43.18025
259, 1737995755415, -0.07695, -12.23205, -3.786, -30.54366, 208.14911, -42.06155
260, 1737995755432, -0.07995, -11.81505, -4.38405, -15.55938, 182.52931, -40.24169
261, 1737995755447, 0.741, -11.16195, -5.02605, -7.01945, 181.82816, -43.10934
262, 1737995755464, 0.05805, -11.45595, -7.71705, -15.70119, 172.24042, -47.59203
263, 1737995755481, -2.29905, -11.859, -9.558, -21.23167, 141.16106, -47.45021
264, 1737995755497, -2.90505, -12.03105, -10.01295, -19.34091, 106.44195, -38.83937
265, 1737995755516, -0.597, -11.073, -10.698, -23.61087, 73.47181, -27.28998
266, 1737995755531, -0.597, -11.073, -10.698, -40.83255, 64.15981, -27.50269
267, 1737995755549, 1.31295, -10.326, -10.79805, -74.36205, 72.2822, -29.66919
268, 1737995755563, 1.59495, -10.365, -9.47895, -95.78279, 86.35262, -25.75374
269, 1737995755580, 1.74105, -10.62495, -7.75995, -111.17673, 102.30592, -18.19069
270, 1737995755597, 2.706, -11.025, -7.317, -117.8259, 100.62786, -18.75004
271, 1737995755613, 3.051, -11.93505, -6.759, -121.82014, 84.24915, -16.166
272, 1737995755632, 4.71, -12.18705, -6.477, -121.46562, 58.62934, -20.01055
273, 1737995755649, 6.06105, -11.54505, -5.47605, -116.70721, 10.47009, -32.61562
274, 1737995755663, 6.06105, -11.54505, -5.47605, -110.47557, -31.2527, -43.95231
275, 1737995755679, 6.738, -10.29705, -4.26405, -99.62733, -72.12465, -59.21232
276, 1737995755696, 7.23195, -8.87295, -3.13005, -93.04906, -87.25072, -72.43977
277, 1737995755713, 7.662, -8.43195, -2.86095, -89.40935, -96.35001, -86.09264
278, 1737995755729, 7.58295, -8.52105, -2.526, -89.06271, -90.67773, -101.13994
279, 1737995755748, 6.63795, -9.795, -3.01005, -91.64674, -83.54012, -109.33324
280, 1737995755763, 5.283, -10.88895, -2.97195, -93.19087, -82.69714, -100.50969
281, 1737995755779, 5.283, -10.88895, -2.97195, -94.23867, -82.48444, -87.91249
282, 1737995755797, 5.71095, -11.30295, -3.438, -98.57954, -91.02438, -77.41089
283, 1737995755814, 7.09005, -11.847, -3.57705, -103.62157, -99.77702, -74.1257
284, 1737995755832, 9.123, -12.58605, -3.26595, -108.52179, -107.82851, -73.70027
285, 1737995755847, 11.496, -12.74205, -2.88795, -111.87788, -104.4015, -80.56216
286, 1737995755862, 13.971, -12.72, -2.77995, -117.40836, -88.57426, -98.34319
287, 1737995755879, 15.79095, -12.48105, -2.71995, -125.60166, -65.54637, -117.66046
288, 1737995755896, 15.789, -12.74205, -2.47395, -137.78131, -27.18756, -141.38951
289, 1737995755912, 15.789, -12.74205, -2.47395, -154.0182, 37.69704, -171.20837
290, 1737995755930, 13.95705, -13.422, -1.85295, -158.21727, 86.69926, -187.7998
291, 1737995755945, 12.05595, -13.81695, -1.497, -151.5681, 136.26082, -202.84711
292, 1737995755961, 10.69095, -13.69695, -1.69095, -141.13741, 160.40741, -211.45796
293, 1737995755978, 9.82695, -13.209, -2.41395, -127.06699, 176.36859, -220.2106
294, 1737995755995, 9.003, -12.579, -3.06, -121.26079, 176.51039, -227.00159
295, 1737995756012, 7.70295, -11.86095, -2.505, -114.4698, 166.70995, -235.95905
296, 1737995756029, 7.70295, -11.86095, -2.505, -104.18092, 158.17001, -239.11034
297, 1737995756045, 6.07695, -10.95105, -1.42005, -82.68927, 143.95779, -237.92073
298, 1737995756069, 4.749, -10.032, -0.81195, -56.51011, 121.34745, -234.69855
299, 1737995756082, 3.33105, -8.59005, -0.55605, -36.70439, 101.25812, -232.03574
300, 1737995756094, 2.08905, -7.06005, -0.76905, -17.93859, 74.86624, -229.5226
301, 1737995756111, 0.384, -6.213, -1.08, 3.48215, 33.29314, -216.98843
302, 1737995756127, -1.215, -5.65995, -1.30695, 14.4722, -1.9853, -194.59079
303, 1737995756144, -1.87995, -4.494, -1.27605, 19.99479, -42.66029, -160.43105
304, 1737995756160, -1.87995, -4.494, -1.27605, 18.31674, -56.93553, -136.97774
305, 1737995756177, -2.00895, -3.63405, -0.59595, 17.48166, -61.1346, -118.21981
306, 1737995756195, -1.04895, -3.01395, -0.096, 12.71537, -50.42817, -102.40045
307, 1737995756211, 0.147, -3.83505, -1.62405, 6.98006, -50.28635, -92.25336
308, 1737995756228, 0.11595, -5.14995, -2.05695, 13.34562, -88.29853, -69.57211
309, 1737995756245, -1.332, -5.727, -1.83405, 23.35877, -105.09478, -38.63454
310, 1737995756261, -2.78805, -6.24405, -0.759, 48.27742, -97.53962, 28.2196
311, 1737995756278, -2.78805, -6.24405, -0.759, 74.18085, -67.01959, 82.04326
312, 1737995756295, -0.312, -5.772, -1.08705, 93.77385, -25.15499, 129.36743
313, 1737995756310, 2.66805, -7.137, -3.30195, 89.08634, -6.88552, 153.37221
314, 1737995756326, 5.22, -8.68095, -5.553, 61.93029, -3.74213, 174.2336
315, 1737995756343, 5.97, -10.06005, -5.16705, 40.09201, 0.74055, 188.79245
316, 1737995756359, 5.80695, -10.81905, -3.477, 30.7091, 15.02367, 210.1423
317, 1737995756377, 6.31695, -11.20995, -2.79405, 35.82204, 45.40189, 249.34406
318, 1737995756394, 6.31695, -11.20995, -2.79405, 37.91763, 64.71916, 274.54633
319, 1737995756411, 8.72805, -10.79805, -3.393, 32.67077, 71.29743, 285.95392
320, 1737995756428, 10.88805, -9.828, -4.09905, 26.58094, 69.13094, 277.83151
321, 1737995756442, 11.943, -9.52905, -4.20495, 24.05993, 59.81894, 258.02582
322, 1737995756459, 12.975, -9.90195, -4.41, 25.10773, 52.32681, 242.27736
323, 1737995756477, 13.80105, -10.21095, -5.217, 19.57725, 58.91295, 225.33141
324, 1737995756492, 14.84505, -10.93695, -6.369, 3.05673, 71.51015, 221.06143
325, 1737995756511, 15.58995, -10.88895, -6.74295, -40.83255, 104.96873, 232.33511
326, 1737995756529, 15.58995, -10.88895, -6.74295, -86.25808, 135.41786, 245.0032
327, 1737995756542, 17.994, -9.618, -5.706, -141.13741, 175.3838, 229.32565
328, 1737995756559, 19.31295, -8.27205, -3.477, -168.50618, 204.92694, 193.76358
329, 1737995756575, 17.709, -7.14705, -0.85005, -173.89484, 219.4149, 155.82233
330, 1737995756592, 14.022, -6.684, -0.762, -164.72466, 236.07724, 121.66257
331, 1737995756608, 11.25195, -5.86095, -1.35105, -159.6196, 236.00635, 105.7723
332, 1737995756625, 10.026, -4.872, -1.84395, -154.93208, 225.15808, 88.4876
333, 1737995756644, 10.026, -4.872, -1.84395, -157.87064, 218.71375, 73.36939
334, 1737995756659, 9.47295, -4.35705, -2.64795, -165.70941, 200.31033, 55.58836
335, 1737995756675, 9.396, -4.005, -1.51305, -161.65216, 193.866, 42.0064
336, 1737995756691, 10.797, -3.46695, 0.58305, -139.87691, 198.20688, 18.41916
337, 1737995756709, 13.485, -2.29305, 1.83495, -121.04808, 215.21584, -6.08195
338, 1737995756724, 14.60595, -1.80705, 2.09895, -109.28597, 256.58411, -48.78163
339, 1737995756741, 13.33905, -1.53405, 2.92695, -106.00077, 272.26953, -76.92245
340, 1737995756758, 13.33905, -1.53405, 2.92695, -97.0433, 276.95703, -92.67091
341, 1737995756775, 12.123, -0.22695, 4.69605, -70.36781, 270.16608, -98.05958
342, 1737995756791, 11.28495, 0.07395, 5.724, -38.02792, 317.90778, -90.99286
343, 1737995756809, 9.89205, -0.447, 6.10905, -5.48321, 375.86746, -79.7901
344, 1737995756825, 7.464, -0.47895, 8.886, 34.83727, 477.57465, -66.9093
345, 1737995756841, 5.60295, 1.04805, 0.53295, 39.31994, 522.72443, -47.66293
346, 1737995756860, 0.41505, 0.70305, 0.18795, -145.47827, 212.55301, -45.0001
347, 1737995756874, 2.577, -1.257, 12.57405, -143.65843, 137.02499, -12.17177
348, 1737995756890, 2.577, -1.257, 12.57405, -78.83685, 120.85899, 16.94594
349, 1737995756907, 4.49505, -3.261, 12.10005, 4.87659, -80.73548, 32.34777
350, 1737995756924, 5.493, -2.84205, 18.327, 101.19509, -113.57169, 34.79787
351, 1737995756942, 4.98105, -3.36795, 14.15595, 157.68944, -123.23033, 46.62301
352, 1737995756957, 5.08095, -3.567, 10.81905, 161.11644, -75.83527, 70.98231
353, 1737995756976, 8.66595, -2.961, 9.35805, 152.92316, -45.88246, 82.67351
354, 1737995756990, 8.32605, -4.48695, 10.59105, 150.68575, -23.0594, 97.30327
355, 1737995757009, 4.92105, -5.65995, 9.30105, 146.90422, -13.6765, 180.1107
356, 1737995757023, 4.92105, -5.65995, 9.30105, 139.483, -36.71227, 236.32146
357, 1737995757041, 9.336, -3.61005, 8.439, 172.24831, -22.21644, 141.82281
358, 1737995757060, 15.16095, -2.10405, 7.593, 203.32768, -96.76756, 49.14402
359, 1737995757077, 6.786, -4.599, 7.27995, 223.90546, -185.80664, 60.48859
360, 1737995757091, 8.12505, -6.26805, 6.624, 229.01839, -221.71533, 64.89249
361, 1737995757106, 11.03805, -6.98595, 8.05605, 228.03363, -236.62871, 65.10519
362, 1737995757123, 14.21295, -7.11495, 9.86805, 230.69644, -223.46428, 39.41449
363, 1737995757141, 14.21295, -7.11495, 9.86805, 226.70221, -204.98209, 3.57669
364, 1737995757156, 14.862, -7.03395, 9.384, 219.35188, -219.61185, -41.21858
365, 1737995757173, 14.78295, -6.64905, 8.88195, 214.38863, -223.11763, -73.91299
366, 1737995757191, 13.65495, -7.197, 9.12795, 208.43272, -211.84398, -101.06904
367, 1737995757209, 12.89895, -6.48795, 6.981, 187.92586, -191.89645, -117.58956
368, 1737995757223, 13.53795, -6.57405, 5.51505, 142.91788, -136.94623, -143.83961
369, 1737995757240, 13.224, -6.99795, 5.946, 111.9094, -91.23708, -165.26036
370, 1737995757256, 10.947, -7.58205, 5.94405, 90.9062, -37.61826, -183.52983
371, 1737995757275, 10.947, -7.58205, 5.94405, 86.70713, -21.79889, -190.17902
372, 1737995757291, 9.25905, -7.42395, 4.569, 83.48496, -23.33514, -193.47209
373, 1737995757308, 8.22, -7.329, 3.54, 77.39514, -34.26216, -195.00833
374, 1737995757323, 7.569, -7.22805, 3.23595, 71.23441, -39.85566, -193.88963
375, 1737995757339, 6.813, -7.19205, 3.13995, 63.82106, -37.47645, -187.5871
376, 1737995757355, 5.60295, -7.03905, 3.05205, 57.93606, -26.35248, -176.88068
377, 1737995757372, 4.33905, -6.43995, 2.74005, 50.09728, -3.87606, -154.68785
378, 1737995757391, 4.33905, -6.43995, 2.74005, 44.63771, 8.50842, -137.96251
379, 1737995757405, 4.36305, -5.88705, 2.223, 39.03633, 20.05782, -120.88264
380, 1737995757423, 2.95095, -5.178, 2.15595, 36.58622, 23.91025, -103.24341
381, 1737995757439, 2.991, -4.84605, 1.92105, 36.02687, 26.01372, -85.17877
382, 1737995757455, 2.31795, -4.731, 1.821, 37.98854, 21.80677, -70.97443
383, 1737995757472, 1.20495, -5.19495, 1.36605, 42.1167, 9.98164, -43.10934
384, 1737995757489, 0.59205, -5.39205, 0.63105, 41.91186, 3.40337, -16.22903
385, 1737995757505, 0.59205, -5.39205, 0.63105, 38.7606, -5.27837, 10.43857
386, 1737995757521, 0.70905, -5.26695, 0.03495, 30.85091, -18.71853, 43.26691
387, 1737995757538, 1.21905, -5.145, -0.36405, 22.16917, -27.60511, 65.17609
388, 1737995757556, 2.23695, -5.46105, -0.237, 10.54887, -37.61826, 90.16565
389, 1737995757571, 2.97195, -6.438, -0.35505, -1.55988, -41.74642, 109.48293
390, 1737995757590, 3.86505, -7.80495, -0.37095, -22.98062, -39.71385, 139.30179
391, 1737995757604, 4.95705, -9.15105, -0.12195, -39.84778, -38.73696, 162.82602
392, 1737995757621, 6.159, -10.02195, 0.384, -61.69394, -37.40555, 193.76358
393, 1737995757640, 6.159, -10.02195, 0.384, -76.94608, -33.561, 214.83769
394, 1737995757655, 6.999, -9.64395, 1.06395, -91.85946, -32.22959, 234.927
395, 1737995757670, 8.268, -9.00705, 1.73205, -99.49341, -31.24482, 243.11244
396, 1737995757687, 9.58005, -9.19095, 2.427, -106.90676, -17.31622, 249.13136
397, 1737995757705, 10.782, -9.591, 2.65905, -109.7823, -4.93173, 251.37665
398, 1737995757720, 12.216, -10.365, 2.90295, -107.89153, 4.66388, 251.16393
399, 1737995757739, 14.15595, -11.40405, 2.64195, -98.99709, 4.30936, 246.61035
400, 1737995757757, 15.19995, -12.25395, 1.842, -92.277, -3.94696, 241.22168
401, 1737995757771, 15.19995, -12.25395, 1.842, -92.14307, -21.16864, 238.42494
402, 1737995757787, 15.49905, -12.51495, 0.93705, -103.62157, -30.40973, 241.15079
403, 1737995757804, 15.786, -12.32295, 0.921, -130.36008, -28.30626, 245.49164
404, 1737995757820, 16.48095, -11.487, 2.58195, -146.45517, -16.05571, 243.46695
405, 1737995757837, 16.797, -10.029, 4.335, -154.23093, 18.17494, 228.97112
406, 1737995757856, 16.701, -8.29305, 5.05605, -156.88586, 56.17923, 207.834
407, 1737995757871, 15.20895, -7.125, 5.472, -157.02768, 111.12946, 171.50775
408, 1737995757887, 15.20895, -7.125, 5.472, -153.04132, 146.47881, 149.03134
409, 1737995757903, 13.098, -6.864, 5.76405, -138.12796, 174.54872, 130.34431
410, 1737995757920, 11.187, -6.81405, 5.00805, -123.49819, 173.35912, 124.81384
411, 1737995757937, 9.83895, -6.843, 3.69105, -110.41255, 155.649, 125.16835
412, 1737995757953, 9.64695, -6.44295, 3.222, -98.16199, 126.73611, 127.54757
413, 1737995757972, 10.404, -6.20595, 2.982, -80.79851, 85.16301, 126.49189
414, 1737995757988, 11.259, -4.98, 3.138, -62.74174, 51.76745, 118.86582
415, 1737995758004, 11.259, -4.98, 3.138, -45.66187, 19.49847, 109.27809
416, 1737995758020, 11.46195, -4.257, 2.99205, -28.44019, -11.16337, 97.44508
417, 1737995758036, 11.52705, -3.672, 3.25695, -17.93859, -24.0363, 89.11786
418, 1737995758053, 12.18795, -3.024, 3.873, -2.40284, -29.07833, 73.92874
419, 1737995758072, 12.65205, -2.34405, 4.08795, 10.26525, -26.77002, 58.59782
420, 1737995758092, 12.85605, -2.03205, 3.681, 23.98903, -19.27788, 35.70387
421, 1737995758102, 12.693, -2.214, 3.087, 31.6151, -15.07882, 18.8367
422, 1737995758119, 12.62805, -2.65305, 2.439, 39.46175, -15.29153, 3.50579
423, 1737995758135, 12.62805, -2.65305, 2.439, 46.74118, -23.0594, -13.08564
424, 1737995758152, 12.59205, -3.27495, 1.89495, 48.97858, -30.62245, -23.09091
425, 1737995758168, 12.59205, -3.64095, 1.85205, 49.75064, -36.57046, -35.06573
426, 1737995758185, 13.05195, -3.52605, 2.52195, 54.22544, -37.20072, -53.05159
427, 1737995758204, 12.978, -3.46695, 2.90295, 59.96863, -35.30996, -70.69082
428, 1737995758220, 12.28605, -3.88995, 2.91705, 64.93975, -32.4423, -87.14043
429, 1737995758236, 12.17295, -5.43495, 2.64705, 70.47022, -30.62245, -106.59951
430, 1737995758252, 12.17295, -5.43495, 2.64705, 74.18085, -30.19703, -116.82537
431, 1737995758269, 11.21805, -6.92595, 3.111, 85.23392, -38.73696, -116.75448
432, 1737995758285, 11.103, -8.33205, 3.063, 95.10526, -56.6598, -111.64154
433, 1737995758301, 11.97195, -9.024, 3.06795, 108.89994, -88.02279, -106.59951
434, 1737995758318, 13.49295, -8.66205, 3.339, 121.21352, -117.0696, -109.89259
435, 1737995758336, 14.814, -8.085, 3.23295, 132.13266, -148.14897, -128.65051
436, 1737995758352, 15.29295, -7.98495, 2.98695, 131.99873, -156.61801, -150.00035
437, 1737995758370, 15.57795, -8.98095, 2.63505, 118.62949, -151.71779, -182.62386
438, 1737995758387, 15.57795, -8.98095, 2.63505, 100.63574, -136.24506, -204.60394
439, 1737995758402, 15.18495, -10.932, 2.65905, 80.12886, -114.20194, -220.42331
440, 1737995758419, 14.64195, -12.88305, 3.01605, 57.164, -86.69138, -232.03574
441, 1737995758435, 13.995, -14.301, 3.45105, 46.31576, -71.57317, -234.91127
442, 1737995758452, 13.09005, -14.75595, 3.94905, 42.04579, -59.10991, -232.87869
443, 1737995758469, 11.922, -14.41305, 3.72195, 42.3294, -52.53164, -227.20641
444, 1737995758484, 11.14605, -13.422, 3.063, 34.49063, -36.22382, -215.58611
445, 1737995758502, 11.14605, -13.422, 3.063, 24.20174, -18.78943, -207.67642
446, 1737995758519, 10.464, -12.20805, 2.673, 10.20223, 9.83983, -199.4201
447, 1737995758535, 9.46305, -11.04195, 3.01995, 7.05096, 25.6592, -193.88963
448, 1737995758550, 8.46195, -10.04595, 3.61695, 16.7805, 33.42707, -188.71367
449, 1737995758568, 7.39695, -9.14595, 3.789, 30.85091, 29.44072, -185.07396
450, 1737995758585, 6.564, -8.71995, 3.81495, 54.02061, 17.26107, -179.47258
451, 1737995758602, 5.388, -8.36505, 3.43695, 71.86466, 8.92597, -172.7525
452, 1737995758617, 5.388, -8.36505, 3.43695, 86.28959, 0.94538, -162.81026
453, 1737995758636, 4.21695, -7.84305, 2.60895, 98.04382, -8.98899, -145.10013
454, 1737995758651, 3.492, -7.314, 1.605, 100.91935, -15.99268, -130.39946
455, 1737995758668, 2.95995, -6.522, 0.729, 98.04382, -23.76056, -110.45193
456, 1737995758685, 2.38305, -5.73405, 0.09495, 92.30851, -27.88872, -95.12102
457, 1737995758700, 2.21505, -5.133, -0.213, 81.73602, -29.63767, -75.59103
458, 1737995758718, 1.96395, -4.575, -0.36705, 72.84943, -27.61298, -61.44972
459, 1737995758733, 1.866, -4.14705, -0.51, 60.03953, -21.8698, -43.53476
460, 1737995758749, 1.866, -4.14705, -0.51, 49.82154, -16.69384, -30.9297
461, 1737995758767, 2.02905, -3.993, -0.66105, 35.53843, -10.39131, -15.88239
462, 1737995758785, 1.82505, -4.24005, -0.819, 23.21696, -4.64812, -2.65494
463, 1737995758799, 1.59795, -4.59705, -0.92895, 4.60085, 1.4417, 18.41916
464, 1737995758816, 1.57905, -5.001, -0.73995, -9.82408, 4.45117, 36.61773
465, 1737995758832, 2.20395, -5.34105, -0.09105, -25.64344, 7.31882, 60.62252
466, 1737995758852, 3.27105, -6.33495, 0.37905, -35.16027, 10.25738, 75.46498
467, 1737995758868, 3.66405, -7.566, 0.51795, -50.34938, 21.38923, 96.39728
468, 1737995758883, 3.66405, -7.566, 0.51795, -63.30109, 30.97696, 114.73766
469, 1737995758900, 4.452, -9.093, 0.86595, -75.12623, 40.14715, 135.17365
470, 1737995758916, 4.962, -10.374, 1.22505, -89.12573, 50.43604, 166.46573
471, 1737995758932, 5.493, -10.94595, 1.13595, -100.68301, 53.72911, 191.87283
472, 1737995758949, 6.68805, -10.94205, 1.42605, -116.07695, 54.91872, 222.46376
473, 1737995758965, 8.32095, -10.68495, 1.965, -123.7818, 53.58731, 238.28311
474, 1737995758983, 10.26495, -10.932, 2.688, -126.64945, 47.22175, 250.32097
475, 1737995758998, 10.26495, -10.932, 2.688, -119.01551, 38.74484, 253.40134
476, 1737995759015, 12.537, -11.29605, 3.48195, -99.76914, 23.62663, 251.51057
477, 1737995759031, 14.32305, -12.17895, 2.913, -86.54169, 9.42229, 250.04523
478, 1737995759048, 15.88395, -12.90195, 1.833, -78.4193, -15.70907, 249.41498
479, 1737995759071, 17.187, -13.13895, 0.97605, -82.54746, -35.16815, 251.58147
480, 1737995759087, 18.16905, -12.936, 1.026, -99.91095, -49.65611, 257.74219
481, 1737995759099, 20.388, -11.89005, 2.769, -114.05226, -47.90715, 256.4108
482, 1737995759116, 20.388, -11.89005, 2.769, -119.01551, -27.47118, 236.46326
483, 1737995759131, 22.45695, -8.97795, 4.73505, -121.89104, 33.78159, 182.356
484, 1737995759147, 20.661, -6.333, 4.84005, -134.41733, 100.28122, 135.8748
485, 1737995759164, 16.74195, -5.442, 4.15995, -159.83231, 188.26462, 87.71555
486, 1737995759183, 12.58995, -5.74095, 3.789, -173.26459, 238.10979, 71.47863
487, 1737995759198, 10.24395, -5.712, 3.24795, -173.40639, 263.65872, 65.247
488, 1737995759214, 8.71395, -5.31495, 1.95495, -163.60596, 249.30469, 67.4844
489, 1737995759231, 8.53395, -4.779, 1.131, -149.47252, 210.03989, 71.33682
490, 1737995759247, 8.53395, -4.779, 1.131, -124.34115, 127.72089, 75.95343
491, 1737995759265, 8.17005, -4.24695, 1.00695, -99.28069, 35.45964, 83.58738
492, 1737995759281, 7.959, -4.13895, 1.62495, -82.90198, -21.79889, 93.31692
493, 1737995759297, 8.814, -4.13205, 3.765, -55.2496, -71.28956, 107.94668
494, 1737995759316, 10.074, -3.627, 5.577, -29.91341, -89.97658, 116.1321
495, 1737995759333, 12.49395, -2.49705, 6.42705, -1.21324, -97.05117, 113.33535
496, 1737995759349, 13.983, -0.969, 5.96805, 35.60933, -89.97658, 94.85316
497, 1737995759364, 13.983, -0.969, 5.96805, 55.34414, -73.59786, 70.28903
498, 1737995759382, 14.862, -0.012, 4.46895, 67.24805, -45.81156, 31.15816
499, 1737995759399, 14.67795, 0.27495, 2.85795, 68.22495, -27.74691, 1.82774
500, 1737995759415, 13.737, -0.24105, 1.57905, 62.06422, -9.90286, -31.0006
501, 1737995759431, 12.729, -1.266, 0.91605, 55.28112, -2.19801, -49.48278
502, 1737995759447, 11.979, -2.358, 1.059, 49.60884, -4.64812, -66.49175
503, 1737995759464, 11.592, -3.61305, 1.86195, 49.39612, -11.3682, -73.42454
504, 1737995759482, 11.81895, -4.36395, 2.62995, 56.32891, -18.37189, -79.7901
505, 1737995759498, 11.81895, -4.36395, 2.62995, 64.86885, -22.57096, -86.36837
506, 1737995759513, 12.312, -4.89795, 3.063, 78.23811, -24.46172, -99.11525
507, 1737995759531, 12.501, -5.41605, 3.08505, 87.96764, -25.65132, -109.60898
508, 1737995759546, 12.978, -6.55305, 2.57295, 96.99603, -28.10143, -123.19095
509, 1737995759564, 12.78105, -7.84605, 2.544, 103.44037, -28.03053, -129.06805
510, 1737995759579, 12.67095, -9.11505, 2.36895, 110.29437, -32.93075, -128.79231
511, 1737995759596, 13.083, -9.72495, 2.11305, 117.92832, -50.08152, -124.59325
512, 1737995759612, 13.083, -9.72495, 2.11305, 122.54493, -66.38934, -121.44198
513, 1737995759629, 13.473, -9.009, 2.364, 128.56384, -88.29853, -124.10481
514, 1737995759647, 14.094, -7.72395, 2.472, 129.265, -97.53962, -134.95305
515, 1737995759663, 14.46195, -7.032, 2.41005, 122.19829, -93.61629, -158.19365
516, 1737995759679, 14.38605, -7.38405, 2.50095, 113.86319, -82.49231, -177.02246
517, 1737995759696, 14.007, -8.73405, 2.39295, 99.30433, -64.91612, -195.70949
518, 1737995759712, 14.25405, -9.936, 2.72805, 90.69349, -54.83994, -204.10762
519, 1737995759728, 15.16395, -10.839, 3.492, 86.99075, -52.87828, -214.60922
520, 1737995759745, 15.16395, -10.839, 3.492, 88.87363, -55.32838, -222.66071
521, 1737995759763, 14.46, -11.64795, 3.42705, 87.05377, -56.6598, -222.03044
522, 1737995759779, 13.69095, -11.763, 2.48205, 72.14828, -52.66556, -214.19167
523, 1737995759796, 13.68195, -11.286, 1.926, 53.52428, -43.56628, -210.12654
524, 1737995759812, 13.33695, -10.82205, 2.23005, 26.99849, -22.57096, -208.30669
525, 1737995759831, 12.231, -10.35705, 3.05895, 13.84194, -6.60978, -207.32979
526, 1737995759844, 10.37805, -9.91395, 3.49695, 6.3498, 10.88763, -203.54826
527, 1737995759863, 10.37805, -9.91395, 3.49695, 6.13709, 20.12872, -196.41064
528, 1737995759879, 8.481, -9.426, 3.363, 9.28836, 27.62086, -181.63907
529, 1737995759894, 6.82395, -8.71005, 3.24495, 15.44909, 27.69176, -168.55344
530, 1737995759913, 5.718, -7.97505, 3.11895, 28.11719, 23.13818, -151.6075
531, 1737995759928, 4.974, -7.254, 2.448, 36.79893, 16.90655, -140.90106
532, 1737995759946, 3.82905, -6.86205, 1.929, 45.89822, 8.57933, -126.41312
533, 1737995759961, 2.48595, -6.54105, 1.61505, 52.27166, 2.27679, -111.64154
534, 1737995759979, 2.48595, -6.54105, 1.61505, 58.42451, -4.15967, -94.21503
535, 1737995759996, 1.437, -6.11505, 1.014, 63.82106, -11.92755, -68.72916
536, 1737995760011, 0.99405, -5.502, 0.19995, 63.60834, -16.75687, -50.60148
537, 1737995760033, 0.79095, -4.92705, -0.63705, 55.06841, -18.71065, -27.69176
538, 1737995760048, 0.822, -4.54905, -1.248, 38.33517, -14.7243, -6.06619
539, 1737995760066, 0.891, -4.34505, -1.30005, 23.64239, -8.35086, 9.75317
540, 1737995760082, 0.92505, -4.35705, -0.94395, 5.43594, 2.78099, 31.80417
541, 1737995760094, 1.014, -4.455, -0.43605, -4.71115, 9.98952, 48.60831
542, 1737995760110, 1.014, -4.455, -0.43605, -10.94278, 13.83407, 65.68818
543, 1737995760127, 1.22895, -4.815, -0.027, -13.66862, 12.64446, 89.20452
544, 1737995760143, 1.81095, -5.439, 0.147, -13.25108, 7.3976, 106.98554
545, 1737995760160, 2.79, -6.438, 0.22605, -10.94278, -3.24581, 130.8564
546, 1737995760177, 3.939, -7.50105, 0.31005, -9.75317, -10.65916, 148.98405
547, 1737995760193, 5.35695, -8.277, 0.33195, -11.50213, -17.80466, 170.60965
548, 1737995760210, 6.66195, -8.868, 0.25695, -17.45015, -18.0804, 184.1207
549, 1737995760227, 6.66195, -8.868, 0.25695, -28.22748, -13.10927, 194.83501
550, 1737995760244, 8.21805, -9.16695, 0.29805, -47.62354, -3.0331, 201.5551
551, 1737995760260, 9.60405, -9.462, 0.57795, -61.82788, 4.10453, 203.57979
552, 1737995760276, 10.488, -10.88595, 0.66, -78.90775, 8.16966, 212.11972
553, 1737995760295, 11.493, -13.005, 1.03095, -89.48026, 14.18858, 226.33194
554, 1737995760309, 12.80295, -13.398, 1.18905, -97.10632, 12.64446, 248.65866
555, 1737995760328, 15.30705, -13.46505, 0.81795, -102.7077, 2.35557, 259.16028
556, 1737995760345, 16.56195, -12.831, 0.97305, -118.18043, -1.00053, 270.43393
557, 1737995760359, 16.56195, -12.831, 0.97305, -137.00925, 11.66757, 276.87039
558, 1737995760377, 19.215, -11.13105, 1.416, -154.64847, 20.83776, 250.69125
559, 1737995760393, 19.66005, -9.201, 3.81495, -150.65424, 18.60036, 224.72479
560, 1737995760409, 18.19695, -8.27895, 4.596, -147.22723, 35.88506, 202.53198
561, 1737995760425, 17.10795, -7.66605, 5.25195, -140.57806, 65.14458, 165.85123
562, 1737995760445, 14.89995, -8.38695, 5.26395, -129.58801, 81.17666, 145.48616
563, 1737995760459, 12.918, -8.83005, 4.37805, -113.2093, 98.95769, 138.20673
564, 1737995760478, 12.918, -8.83005, 4.37805, -102.99131, 100.00549, 142.05128
565, 1737995760492, 11.922, -8.46795, 2.781, -96.54697, 82.85471, 151.15056
566, 1737995760509, 12.288, -7.97505, 1.67205, -95.01073, 62.13512, 156.61014
567, 1737995760527, 13.78695, -7.28295, 1.76295, -88.21974, 28.4008, 157.03555
568, 1737995760544, 15.37005, -6.10305, 2.19, -80.16825, 4.656, 150.50456
569, 1737995760559, 16.34205, -4.42005, 2.379, -72.88882, -10.39131, 130.69096
570, 1737995760575, 16.287, -2.49195, 2.436, -74.43295, -2.26891, 105.49657
571, 1737995760593, 15.20205, -1.281, 2.84805, -85.21028, 34.05733, 62.79689
572, 1737995760610, 15.20205, -1.281, 2.84805, -91.93037, 70.87989, 29.82675
573, 1737995760626, 12.42, -1.29495, 3.90405, -83.17772, 109.44353, 3.23005
574, 1737995760642, 9.59205, -1.815, 4.821, -58.81841, 117.21928, -3.56093
575, 1737995760659, 7.866, -1.941, 4.50495, -24.65867, 103.92094, -3.49003
576, 1737995760675, 7.284, -1.929, 3.51795, 26.58094, 60.86674, -0.27574
577, 1737995760691, 7.413, -1.884, 2.18205, 74.18085, 4.23846, 2.31618
578, 1737995760709, 7.698, -1.8, 0.47505, 99.86368, -36.78317, 1.75683
579, 1737995760725, 7.698, -1.8, 0.47505, 113.24081, -68.91035, 1.96954
580, 1737995760741, 8.589, -2.064, -0.55305, 117.29807, -93.829, 1.12658
581, 1737995760757, 9.774, -2.09505, -1.01505, 111.83849, -99.28857, -1.74108
582, 1737995760775, 11.424, -1.85805, -0.99105, 96.36578, -89.55903, -13.92073
583, 1737995760790, 12.78405, -1.692, -0.867, 81.46027, -73.39303, -30.0237
584, 1737995760807, 13.38495, -2.09205, -0.414, 61.50487, -47.77322, -56.69131
585, 1737995760824, 13.15305, -3.165, 0.47805, 52.54739, -30.134, -76.2922
586, 1737995760840, 12.19695, -4.446, 0.88905, 49.19129, -13.11715, -95.05012
587, 1737995760859, 12.19695, -4.446, 0.88905, 51.70443, -7.94119, -102.47135
588, 1737995760875, 11.36895, -5.44395, 1.16505, 60.59888, -12.14026, -106.32378
589, 1737995760890, 11.22, -6.03795, 1.36095, 70.54113, -21.59406, -108.63208
590, 1737995760907, 11.568, -6.354, 1.44705, 85.80115, -40.55682, -114.23346
591, 1737995760923, 12.16395, -7.14195, 1.182, 94.68772, -58.13301, -119.96877
592, 1737995760941, 12.46305, -8.26995, 1.56495, 101.68353, -72.33735, -124.73506
593, 1737995760957, 12.63495, -9.153, 1.89705, 111.76759, -88.51123, -124.79809
594, 1737995760973, 12.63495, -9.153, 1.89705, 119.04703, -101.80959, -122.8443
595, 1737995760991, 13.41405, -9.77805, 2.13, 127.87057, -117.69985, -121.51289
596, 1737995761008, 13.80405, -9.792, 2.23005, 132.76291, -130.50975, -122.00133
597, 1737995761025, 14.33295, -9.39, 2.51805, 139.06544, -147.93626, -128.79231
598, 1737995761040, 14.80695, -8.80305, 2.77095, 143.33542, -156.75983, -140.68835
599, 1737995761060, 14.87895, -8.59995, 2.56995, 143.54813, -161.58914, -163.99986
600, 1737995761076, 13.629, -8.83005, 2.39805, 135.98509, -164.45679, -181.43425
601, 1737995761090, 13.131, -9.366, 2.41905, 120.16572, -155.64111, -194.66168
602, 1737995761107, 13.131, -9.366, 2.41905, 100.77755, -131.91208, -197.74207
603, 1737995761124, 13.026, -9.912, 1.87395, 75.50438, -95.50705, -197.45845
604, 1737995761142, 13.40205, -10.12305, 1.01205, 37.91763, -44.82679, -196.26884
605, 1737995761156, 13.75605, -10.20405, 0.423, 2.63919, -5.90863, -196.06401
606, 1737995761174, 13.689, -10.032, 0.492, -17.37924, 8.86294, -199.00256
607, 1737995761190, 12.54, -9.97905, 1.17195, -30.26005, 15.1576, -201.65752
608, 1737995761208, 11.13705, -9.68895, 1.87095, -38.09883, 16.55991, -199.83765
609, 1737995761223, 11.13705, -9.68895, 1.87095, -39.21753, 16.2763, -195.49678
610, 1737995761240, 9.77205, -9.06, 2.16105, -42.22699, 23.76844, -186.61021
611, 1737995761257, 8.44995, -8.18595, 2.106, -46.22122, 33.91552, -178.70052
612, 1737995761273, 7.26495, -7.28295, 2.06295, -52.09834, 49.38824, -168.19893
613, 1737995761290, 6.10905, -6.438, 2.46495, -53.08311, 60.23648, -161.06129
614, 1737995761305, 4.45905, -5.787, 3.15, -44.40136, 68.70551, -149.2283
615, 1737995761323, 2.661, -5.66895, 3.576, -29.28316, 66.95657, -135.65421
616, 1737995761339, 1.12395, -5.49495, 3.684, 1.86713, 50.43604, -109.75078
617, 1737995761355, 1.12395, -5.49495, 3.684, 30.29156, 27.8257, -86.36837
618, 1737995761371, 0.504, -5.12595, 3.456, 59.12566, 1.78834, -63.89983
619, 1737995761389, 0.43905, -4.50105, 2.709, 90.20505, -25.79313, -38.00429
620, 1737995761405, 0.741, -4.00095, 1.56495, 103.92882, -37.83097, -22.25583
621, 1737995761423, 0.80295, -3.64395, 0.25005, 105.9535, -38.66606, -2.30043
622, 1737995761440, 0.963, -3.54105, -0.747, 96.72028, -28.73169, 12.88869
623, 1737995761455, 1.43505, -3.51405, -1.27395, 74.94503, -5.70379, 33.18285
624, 1737995761473, 1.43505, -3.51405, -1.27395, 56.54163, 13.47955, 47.60778
625, 1737995761487, 1.92105, -3.744, -1.31505, 34.34882, 35.53054, 67.06686
626, 1737995761506, 2.17695, -4.09095, -1.27905, 20.76686, 45.11827, 82.60261
627, 1737995761524, 2.77605, -4.719, -1.21695, 6.62554, 47.56839, 104.16516
628, 1737995761540, 3.59505, -5.583, -1.092, -1.14233, 42.95178, 120.89839
629, 1737995761555, 4.69395, -6.54795, -1.04205, -9.39866, 31.26058, 143.43784
630, 1737995761572, 5.92395, -7.63005, -0.72795, -14.36978, 21.17652, 159.88745
631, 1737995761587, 5.92395, -7.63005, -0.72795, -17.37924, 12.50266, 175.84074
632, 1737995761603, 7.212, -8.43195, -0.36195, -19.62452, 1.71744, 193.76358
633, 1737995761621, 8.67495, -8.89005, -0.18495, -20.94805, -5.90863, 203.07558
634, 1737995761639, 10.014, -9.43095, 0.02295, -22.49217, -11.78574, 211.75732
635, 1737995761655, 11.48595, -9.81405, 0.04395, -23.46907, -12.91232, 214.8298
636, 1737995761672, 12.999, -10.326, -0.69195, -29.7007, -14.30676, 214.19955
637, 1737995761688, 14.079, -11.27205, -1.24005, -42.02216, -10.1786, 213.36447
638, 1737995761705, 14.40195, -11.63805, -1.65195, -66.9408, 9.76893, 215.46007
639, 1737995761720, 14.40195, -11.63805, -1.65195, -94.23867, 23.20909, 219.45428
640, 1737995761738, 14.94105, -12.045, -2.30805, -140.93259, 38.88664, 226.24527
641, 1737995761753, 16.13595, -12.462, -2.751, -184.82185, 53.45338, 225.2605
642, 1737995761771, 16.00395, -12.75195, -1.62795, -226.67857, 65.00278, 222.18015
643, 1737995761786, 15.027, -12.46395, 0.51405, -268.74799, 84.53276, 220.78571
644, 1737995761804, 14.13705, -11.784, 2.688, -289.46759, 104.96873, 217.84715
645, 1737995761819, 13.698, -10.69005, 4.656, -298.84259, 129.11533, 208.10973
646, 1737995761838, 13.698, -10.69005, 4.656, -290.51538, 143.0518, 193.97629
647, 1737995761854, 13.95705, -9.91005, 6.10905, -262.58728, 154.17578, 168.63222
648, 1737995761869, 13.806, -9.402, 6.372, -235.49425, 154.24667, 150.50456
649, 1737995761888, 13.11705, -9.177, 5.472, -199.58554, 138.28551, 133.63739
650, 1737995761903, 12.37005, -8.76495, 4.58895, -174.6669, 112.94932, 127.7524
651, 1737995761921, 11.802, -7.90995, 4.03605, -142.46883, 64.79007, 126.07435
652, 1737995761938, 11.92695, -6.46905, 4.11, -119.64576, 26.14764, 124.81384
653, 1737995761954, 12.17805, -4.87905, 4.39695, -90.74076, -13.18806, 116.41571
654, 1737995761971, 12.17805, -4.87905, 4.39695, -72.95973, -24.59565, 104.30697
655, 1737995761988, 12.06795, -3.43995, 4.785, -53.64246, -15.85088, 83.44557
656, 1737995762003, 11.38305, -2.50605, 5.11305, -39.50114, -0.17332, 67.06686
657, 1737995762019, 10.32495, -2.03205, 5.364, -14.15707, 16.2763, 49.07312
658, 1737995762037, 9.204, -1.93695, 4.71105, 7.12187, 19.56937, 40.53318
659, 1737995762053, 8.778, -2.09505, 3.90105, 34.97907, 14.32251, 32.97802
660, 1737995762076, 8.72805, -2.21205, 2.80305, 58.63721, 3.75001, 29.96856
661, 1737995762087, 9.00105, -2.11395, 1.54305, 70.74596, -7.24004, 28.35353
662, 1737995762104, 9.00105, -2.11395, 1.54305, 76.63096, -18.44279, 25.97433
663, 1737995762120, 9.82005, -1.98195, 0.693, 78.37991, -28.44807, 20.79837
664, 1737995762136, 10.83495, -1.719, 0.47805, 77.1194, -37.34252, 7.98846
665, 1737995762153, 11.92005, -1.539, 0.849, 75.9298, -37.05891, -7.20065
666, 1737995762168, 12.315, -1.62795, 1.41405, 77.1194, -26.55731, -32.68653
667, 1737995762186, 12.08505, -2.358, 1.524, 79.77435, -15.99268, -52.63405
668, 1737995762203, 11.47695, -3.471, 1.56495, 84.88728, -4.93173, -73.55846
669, 1737995762220, 11.47695, -3.471, 1.56495, 92.45032, -0.59086, -84.27278
670, 1737995762235, 11.16795, -4.73295, 1.48305, 101.75444, -0.51996, -90.99286
671, 1737995762253, 11.127, -5.68605, 1.17705, 114.0759, -6.8934, -96.45243
672, 1737995762269, 11.52705, -6.33, 0.83205, 122.47402, -16.33932, -100.09215
673, 1737995762285, 12.34095, -6.71805, 0.70995, 134.16522, -30.40973, -108.90781
674, 1737995762302, 12.88005, -7.14705, 0.21705, 140.81441, -40.69862, -118.85007
675, 1737995762317, 13.76595, -8.499, -0.50505, 140.60957, -55.95864, -134.95305
676, 1737995762335, 13.76595, -8.499, -0.50505, 134.79547, -61.41821, -145.9431
677, 1737995762351, 13.725, -9.888, -0.53895, 121.98558, -67.36623, -151.33176
678, 1737995762367, 13.61505, -11.19495, -0.50505, 110.29437, -70.6593, -147.69205
679, 1737995762385, 13.42305, -11.12805, 0.648, 99.58794, -66.24753, -139.08121
680, 1737995762401, 13.77495, -9.555, 1.61295, 95.59371, -63.23806, -138.73457
681, 1737995762417, 15.18495, -8.56395, 2.247, 88.87363, -51.34203, -152.37955
682, 1737995762435, 16.06905, -8.394, 2.64405, 81.24757, -30.40973, -170.57812
683, 1737995762450, 16.05195, -8.90595, 2.82405, 69.48545, -1.56776, -196.19794
684, 1737995762467, 16.05195, -8.90595, 2.82405, 62.00119, 15.92966, -213.70323
685, 1737995762483, 15.40995, -9.96495, 3.312, 58.63721, 29.85826, -227.20641
686, 1737995762502, 14.56995, -11.001, 3.885, 61.30004, 41.33675, -238.13342
687, 1737995762517, 13.97595, -11.952, 4.40205, 66.68871, 51.27901, -242.67914
688, 1737995762535, 13.035, -12.35205, 4.15995, 71.65983, 68.14617, -238.96851
689, 1737995762549, 12.52305, -11.98095, 3.47505, 67.7365, 87.18771, -230.64128
690, 1737995762567, 11.82405, -11.262, 2.898, 53.17765, 123.3091, -216.98843
691, 1737995762585, 11.82405, -11.262, 2.898, 38.7606, 152.91527, -204.10762
692, 1737995762600, 11.481, -10.104, 2.49795, 18.17494, 180.22101, -191.72313
693, 1737995762616, 11.08605, -8.90205, 2.376, 3.41125, 191.48679, -185.90904
694, 1737995762636, 10.15005, -7.91505, 3.42, -4.2936, 199.95583, -178.21208
695, 1737995762649, 8.682, -7.48905, 4.25805, -0.72479, 196.31612, -168.82918
696, 1737995762667, 7.45395, -6.91005, 4.67505, 7.88605, 201.14542, -156.16107
697, 1737995762682, 6.147, -5.84595, 3.46605, 3.82879, 212.97844, -145.38374
698, 1737995762699, 6.147, -5.84595, 3.46605, -12.06148, 233.06778, -131.80177
699, 1737995762717, 4.26705, -5.36805, 2.75505, -31.03211, 257.14346, -103.44825
700, 1737995762732, 2.47395, -4.755, 3.447, -27.4633, 250.07675, -78.32476
701, 1737995762750, 1.94505, -3.76305, 3.85095, -3.86818, 206.605, -50.53058
702, 1737995762765, 1.998, -2.061, 4.27005, 19.78996, 172.79977, -38.00429
703, 1737995762782, 2.484, -1.479, 2.73795, 39.8793, 110.71191, -25.68283
704, 1737995762799, 2.43105, -0.246, 2.568, 44.85042, 80.88517, -22.88608
705, 1737995762817, 2.103, 0.351, 2.54895, 39.31994, 61.42609, -16.37084
706, 1737995762832, 2.103, 0.351, 2.54895, 26.22643, 63.60046, -9.37502
707, 1737995762848, 2.17995, 1.158, 2.439, -3.104, 81.86994, 0.35452
708, 1737995762867, 1.99305, 1.60605, 2.09595, -31.23694, 98.17775, 9.73742
709, 1737995762884, 1.39695, 1.692, 2.71905, -64.83733, 113.02022, 26.60458
710, 1737995762899, 1.83495, 2.30505, 4.65795, -77.3715, 116.17149, 35.56993
711, 1737995762915, 2.84805, 2.523, 6.006, -81.78328, 113.99712, 37.73643
712, 1737995762932, 3.23505, 2.83905, 6.92805, -82.76017, 122.74976, 35.28632
713, 1737995762949, 3.11805, 3.339, 7.01595, -88.77909, 130.51764, 31.78841
714, 1737995762965, 3.11805, 3.339, 7.01595, -87.58949, 128.91049, 33.32466
715, 1737995762983, 2.541, 2.78205, 7.53105, -83.73707, 113.85531, 29.61404
716, 1737995762999, 2.484, 2.856, 9.18105, -70.36781, 96.01125, 18.34826
717, 1737995763014, 2.565, 2.68305, 10.524, -56.36831, 74.66142, 12.11662
718, 1737995763030, 2.682, 2.19495, 11.01495, -35.57781, 43.02269, 3.99423
719, 1737995763049, 2.56005, 1.548, 11.202, -18.71065, 24.5405, -4.12028
720, 1737995763071, 1.79895, 1.15095, 12.291, 5.50684, -4.86083, -11.12398
721, 1737995763088, 1.45905, 0.99495, 12.78405, 40.85619, -24.73745, -9.72166
722, 1737995763099, 1.45905, 0.99495, 12.78405, 66.476, -32.51321, -4.5457
723, 1737995763114, 2.28705, 1.01895, 11.21805, 78.58474, -36.35775, 0.28361
724, 1737995763130, 3.10605, 2.21895, 9.35595, 68.50857, -20.822, -0.40966
725, 1737995763148, 3.72105, 3.09795, 8.04105, 47.43446, -7.02733, -6.92491
726, 1737995763163, 3.501, 2.95905, 8.64195, 21.81465, 20.19963, -14.20434
727, 1737995763181, 2.385, 2.499, 9.84405, 1.52049, 48.8998, -16.93019
728, 1737995763198, 2.385, 2.499, 9.84405, -3.52154, 68.28797, -12.24267
729, 1737995763215, 1.39695, 2.21595, 10.26795, -7.5079, 85.36784, -3.91545
730, 1737995763231, 0.88905, 1.99905, 10.03305, -7.72061, 96.98814, 9.03626
731, 1737995763247, 0.65895, 2.16105, 11.17305, 5.30201, 114.48556, 12.60507
732, 1737995763263, 0.48, 2.89395, 10.93095, 23.91812, 120.29964, 4.13604
733, 1737995763282, -0.81, 2.78205, 8.352, 38.68969, 92.64728, 1.47322
734, 1737995763297, 0.07695, 2.64705, 7.17195, 32.74167, 64.9949, 7.2164
735, 1737995763314, 1.25295, 3.138, 7.95495, 23.14606, 26.99061, 1.54412
736, 1737995763331, 1.25295, 3.138, 7.95495, 22.09827, 0.03939, -8.25632
737, 1737995763347, 1.23405, 3.114, 9.08805, 25.24953, -21.09774, -19.17546
738, 1737995763365, 0.80505, 3.22005, 9.255, 22.94123, -21.59406, -24.14659
739, 1737995763380, 0.549, 3.04995, 9.04695, 13.27472, -6.05043, -26.80153
740, 1737995763396, -0.14895, 2.937, 9.05895, 7.05096, 12.28994, -25.26529
741, 1737995763413, -0.91995, 2.88405, 8.60595, 4.52995, 23.4927, -19.87662
742, 1737995763432, -1.27395, 3.06405, 7.869, 6.98006, 23.76844, -8.74477
743, 1737995763447, -1.27395, 3.06405, 7.869, 10.13133, 15.29941, 1.54412
744, 1737995763462, -0.76395, 3.378, 7.131, 10.96641, -3.67123, 10.29677
745, 1737995763479, -0.13905, 3.82305, 7.12695, 11.45486, -16.55203, 12.81778
746, 1737995763497, 0.76005, 4.10595, 8.21595, 16.35508, -24.66655, 10.43857
747, 1737995763513, 1.39905, 4.39305, 9.042, 22.16917, -22.28734, 3.50579
748, 1737995763530, 1.485, 4.49595, 8.30895, 19.15971, -11.79362, -6.08195
749, 1737995763546, 0.83205, 4.56795, 8.673, 12.15602, -4.64812, -11.12398
750, 1737995763562, 0.678, 4.206, 9.10395, 10.76158, -1.36292, -14.27524
751, 1737995763579, 0.678, 4.206, 9.10395, 12.85717, 0.59874, -15.74058
752, 1737995763596, 0.42195, 4.16505, 9.37005, 14.04678, 11.73059, -14.62188
753, 1737995763611, 0.12, 4.15095, 8.90805, 9.635, 22.43703, -12.73112
754, 1737995763629, -0.47505, 4.34295, 8.30505, 0.81933, 30.90606, -13.36138
755, 1737995763645, -0.717, 3.95505, 8.83605, 2.78099, 33.15134, -17.63134
756, 1737995763664, -0.07995, 4.06695, 9.08805, 15.72483, 18.65551, -23.23272
757, 1737995763678, 0.33105, 4.194, 9.46305, 29.3777, 6.68857, -29.32255
758, 1737995763694, 0.33105, 4.194, 9.46305, 36.79893, 2.27679, -35.90082
759, 1737995763711, 0.384, 4.182, 8.74995, 29.4486, -5.97953, -38.49274
760, 1737995763728, -0.96795, 3.96405, 8.49405, 17.26895, -3.31671, -29.18074
761, 1737995763744, -2.064, 4.311, 8.88195, 1.16597, 0.1812, -4.04938
762, 1737995763762, -2.07405, 4.53195, 9.97305, -4.92386, 10.95853, 18.97851
763, 1737995763779, -0.55605, 4.68495, 10.20105, -7.5788, 23.20909, 36.75954
764, 1737995763794, 0.528, 4.458, 9.79905, -8.6975, 27.8966, 27.03
765, 1737995763811, 0.45795, 4.25595, 9.849, -12.96747, 28.66866, 19.32515
766, 1737995763829, 0.45795, 4.25595, 9.849, -19.41181, 29.22801, 9.59561
767, 1737995763845, -0.69705, 4.00305, 10.56495, -16.40235, 26.9197, 10.92702
768, 1737995763862, -0.89595, 2.925, 10.965, -2.89129, 27.13242, 14.85035
769, 1737995763878, -1.54005, 2.643, 10.347, 6.90915, 32.16657, 22.76003
770, 1737995763896, -1.29405, 2.892, 9.234, 10.33616, 33.85249, 32.20596
771, 1737995763911, -0.69495, 3.093, 8.85, 9.77681, 31.46541, 34.44336
772, 1737995763928, -0.90795, 2.89905, 8.32905, 7.88605, 23.35089, 32.13505
773, 1737995763944, -0.90795, 2.89905, 8.32905, 7.68122, 20.12872, 33.32466
774, 1737995763961, -0.73605, 2.973, 8.74995, 11.88028, 8.29571, 29.54314
775, 1737995763976, -0.87, 2.94705, 8.51505, 12.08511, -0.51996, 26.88819
776, 1737995763995, -0.95595, 2.98005, 8.80305, 12.78627, -4.37238, 22.40552
777, 1737995764010, -1.05405, 2.961, 8.79795, 12.08511, -6.05043, 19.53786
778, 1737995764027, -1.092, 2.98695, 8.673, 6.98006, -2.19801, 16.03995
779, 1737995764043, -1.164, 3.126, 8.56095, 0.96114, 1.71744, 13.16442
780, 1737995764066, -1.29105, 3.033, 8.628, -8.6975, 7.94907, 9.10716
781, 1737995764078, -1.29105, 3.033, 8.628, -15.98481, 12.21904, 6.16861
782, 1737995764095, -1.51605, 3.06405, 8.77605, -21.5074, 12.56568, 5.04991
783, 1737995764111, -1.38495, 3.01605, 9.22395, -24.94229, 11.10034, 0.98477
784, 1737995764126, -1.626, 2.80305, 9.564, -25.43073, 10.39918, -0.48057
785, 1737995764144, -1.923, 2.52495, 9.88695, -23.19333, 14.18071, 2.52889
786, 1737995764161, -2.14605, 2.49405, 9.67905, -18.29311, 17.19016, 6.16861
787, 1737995764176, -2.03805, 2.664, 9.07605, -15.14184, 19.21486, 13.79467
788, 1737995764193, -2.03805, 2.664, 9.07605, -13.73953, 23.35089, 17.50529
789, 1737995764209, -1.48695, 3.09495, 8.85495, -10.02891, 20.12872, 16.66233
790, 1737995764228, -1.59495, 3.39705, 8.47905, -8.91021, 15.29941, 16.4575
791, 1737995764243, -1.44705, 3.60795, 8.45295, -7.30306, 10.11557, 13.65287
792, 1737995764259, -1.46595, 3.72195, 8.487, -7.16126, 6.05831, 10.99792
793, 1737995764277, -1.57605, 3.56205, 8.54205, -8.42176, 3.96272, 10.29677
794, 1737995764293, -1.49505, 3.53805, 8.77095, -10.87187, 2.00106, 10.5725
795, 1737995764309, -1.49505, 3.53805, 8.77095, -11.21851, -0.44906, 9.94225
796, 1737995764327, -1.39905, 3.6, 9.135, -8.7684, -4.37238, 7.77575
797, 1737995764343, -1.27695, 3.56205, 9.22395, -7.01945, -7.87029, 6.16861
798, 1737995764359, -1.18305, 3.54105, 9.21705, -6.31829, -11.58091, 4.62449
799, 1737995764375, -1.09995, 3.603, 9.42705, -5.19959, -13.61348, 3.64759
800, 1737995764392, -0.73605, 3.696, 9.49905, -1.28414, -12.14026, 0.91387
801, 1737995764408, -0.762, 3.82995, 8.85495, -1.14233, -11.2973, -1.18173
802, 1737995764424, -0.90105, 3.93795, 8.46, -3.37973, -12.06936, -3.63184
803, 1737995764445, -0.90105, 3.93795, 8.46, -5.4123, -14.93701, -5.03415
804, 1737995764459, -1.06095, 3.924, 8.31195, -7.6497, -20.12085, -5.87711
805, 1737995764475, -1.00095, 3.79905, 8.57805, -8.63447, -22.01161, -6.22375
806, 1737995764491, -1.08795, 3.61695, 8.80005, -11.57303, -21.23955, -5.5935
807, 1737995764507, -1.22895, 3.42105, 9.31005, -13.59772, -18.71853, -3.98635
808, 1737995764524, -1.18095, 3.327, 9.85095, -12.40812, -15.50424, -1.88288
809, 1737995764543, -1.19805, 3.33195, 9.777, -8.27996, -16.96958, 0.56723
810, 1737995764559, -1.19805, 3.33195, 9.777, -4.2936, -22.35037, 2.68646
811, 1737995764575, -0.93, 3.39405, 10.014, 3.41125, -29.14135, 4.64812
812, 1737995764591, -0.738, 3.47805, 10.08105, 8.5163, -30.8194, 7.23216
813, 1737995764608, -0.51105, 3.672, 10.04295, 16.36296, -29.98432, 11.22639
814, 1737995764624, -0.03405, 4.15605, 9.77895, 22.94123, -28.23536, 12.416
815, 1737995764641, 0.46305, 4.869, 8.89395, 30.14976, -29.07045, 8.35874
816, 1737995764659, 0.822, 5.13495, 7.68, 28.60563, -36.98013, -0.04727
817, 1737995764676, 0.59505, 5.22795, 7.605, 16.92231, -47.82837, -12.78627
818, 1737995764693, 0.59505, 5.22795, 7.605, 6.49161, -49.08887, -21.46013
819, 1737995764708, 0.40995, 4.47405, 8.74005, -5.82985, -36.42078, -27.62086
820, 1737995764725, -0.20895, 3.73695, 9.34095, -13.46379, -27.04576, -27.48693
821, 1737995764740, -0.23295, 3.414, 9.97305, -17.86769, -16.81989, -28.25112
822, 1737995764758, -0.288, 3.189, 10.263, -19.1282, -13.10927, -28.67654
823, 1737995764775, -0.42705, 2.97495, 10.878, -17.16653, -12.76263, -29.44072
824, 1737995764790, -0.94605, 2.583, 11.40795, -3.86818, -14.29888, -28.11719
825, 1737995764810, -0.94605, 2.583, 11.40795, 11.52576, -15.843, -22.51581
826, 1737995764823, -1.29105, 2.319, 11.21805, 33.78947, -18.85246, -13.90497
827, 1737995764840, -0.73305, 2.53005, 10.29705, 42.54212, -14.92913, -11.66757
828, 1737995764857, -0.91995, 2.595, 8.25195, 36.86983, -18.0804, -5.92438
